{
  "torrents": {
    "%E3K[%89{%CA\u001a%C4l%A7%99,5%8A%C8\u007f\u001e\u000e%AD%DB": {
      "info": {
        "info_hash": "%E3K[%89{%CA\u001a%C4l%A7%99,5%8A%C8\u007f\u001e\u000e%AD%DB",
        "name": "",
        "size": 0,
        "piece_length": 0,
        "creation_date": 1738111617.4380803,
        "comment": "",
        "created_by": ""
      },
      "peers_info": [
        {
          "peer_id": "-qB5030-h*YWj1hK4p9Q",
          "ip": "192.168.2.120",
          "port": 18292,
          "last_seen": 1738111617.4380949,
          "uploaded": 3160977657,
          "downloaded": 0,
          "left": 0,
          "is_seeder": true
        },
        {
          "peer_id": "-qB5030-2msGNq0e_m(L",
          "ip": "192.168.2.20",
          "port": 30463,
          "last_seen": 1738111670.4978046,
          "uploaded": 0,
          "downloaded": 0,
          "left": 4771074618,
          "is_seeder": false
        },
        {
          "peer_id": "-qB5030-X~O_CAm0lNMg",
          "ip": "192.168.2.20",
          "port": 30463,
          "last_seen": 1738111665.1513212,
          "uploaded": 0,
          "downloaded": 3335164474,
          "left": 1436549120,
          "is_seeder": false
        }
      ],
      "stats": {
        "complete": 1,
        "incomplete": 2,
        "downloaded": 3335164474,
        "uploaded": 3160977657,
        "peers": 3
      }
    }
  }
}